{
  "project_info": {
    "project_number": "88935440298",
    "firebase_url": "https://victoria-app-218606.firebaseio.com",
    "project_id": "victoria-app-218606",
    "storage_bucket": "victoria-app-218606.appspot.com"
  },
  "client": [
    {
      "client_info": {
        "mobilesdk_app_id": "1:88935440298:android:3701b61173ab4879",
        "android_client_info": {
          "package_name": "com.victoria.customer"
        }
      },
      "oauth_client": [
        {
          "client_id": "88935440298-io9k7ta66o0spv0a12ihhr348uv1hapl.apps.googleusercontent.com",
          "client_type": 1,
          "android_info": {
            "package_name": "com.victoria.customer",
            "certificate_hash": "402711f97f7080607c17257ac0153d13137e1e31"
          }
        },
        {
          "client_id": "88935440298-544k2dkhm9rfoai7muhph8607qubh7br.apps.googleusercontent.com",
          "client_type": 3
        }
      ],
      "api_key": [
        {
          "current_key": "AIzaSyA1iwjDKU3dw7G6fbCbBLek1396iPDeUjA"
        }
      ],
      "services": {
        "analytics_service": {
          "status": 1
        },
        "appinvite_service": {
          "status": 2,
          "other_platform_oauth_client": [
            {
              "client_id": "88935440298-544k2dkhm9rfoai7muhph8607qubh7br.apps.googleusercontent.com",
              "client_type": 3
            }
          ]
        },
        "ads_service": {
          "status": 2
        }
      }
    },
    {
      "client_info": {
        "mobilesdk_app_id": "1:88935440298:android:23a66a48e745015f",
        "android_client_info": {
          "package_name": "com.victoria.driver"
        }
      },
      "oauth_client": [
        {
          "client_id": "88935440298-l0l823pq2tpj1uokjg9bobro5hr43g6s.apps.googleusercontent.com",
          "client_type": 1,
          "android_info": {
            "package_name": "com.victoria.driver",
            "certificate_hash": "402711f97f7080607c17257ac0153d13137e1e31"
          }
        },
        {
          "client_id": "88935440298-544k2dkhm9rfoai7muhph8607qubh7br.apps.googleusercontent.com",
          "client_type": 3
        }
      ],
      "api_key": [
        {
          "current_key": "AIzaSyA1iwjDKU3dw7G6fbCbBLek1396iPDeUjA"
        }
      ],
      "services": {
        "analytics_service": {
          "status": 1
        },
        "appinvite_service": {
          "status": 2,
          "other_platform_oauth_client": [
            {
              "client_id": "88935440298-544k2dkhm9rfoai7muhph8607qubh7br.apps.googleusercontent.com",
              "client_type": 3
            }
          ]
        },
        "ads_service": {
          "status": 2
        }
      }
    }
  ],
  "configuration_version": "1"
}